,coord,frequentadores
0,"[289138, 7351758]",[4750020102]
1,"[294146, 7378883]",[5110921102]
2,"[297480, 7396361]","[5080109101, 5150061101]"
3,"[302460, 7394708]",[5150573101]
4,"[302483, 7394765]","[5150001102, 5130024101, 5080301101, 5150016102, 5151972101, 5050007101, 5150023101, 5150051102]"
5,"[302627, 7388356]","[5110976102, 5110976102]"
6,"[302627, 7394867]","[5150331107, 5130004102]"
7,"[303123, 7388317]",[5121655101]
8,"[303178, 7388283]",[5111328103]
9,"[303494, 7397841]",[4830009104]
10,"[303545, 7388217]",[281733101]
11,"[303915, 7388350]","[4820742102, 5082390101, 5082278101, 5140320102, 5130513102, 5080109101, 4930303104, 5090015102, 5110902102]"
12,"[304194, 7388367]","[5110921102, 5031275102]"
13,"[304394, 7396600]",[4830016101]
14,"[304860, 7388537]",[800050101]
15,"[305236, 7398079]",[4830004101]
16,"[305726, 7396743]","[5050040103, 5050003102, 220820101, 1390864102, 5040496101, 5050605104, 4830025102, 5050473103, 5050792101]"
17,"[306473, 7404946]",[5170320101]
18,"[306650, 7401221]",[4830012102]
19,"[306707, 7397263]","[4810541101, 4810337101, 4810042102, 5050635104, 5050635103]"
20,"[306713, 7397184]","[4800026103, 5150023101]"
21,"[307286, 7391520]",[3150359101]
22,"[307407, 7394504]",[4930853101]
23,"[308538, 7398490]","[4830012102, 4820030102, 4820028101, 4830016101, 4810042101, 4760594103, 4830019101, 4760014102, 4830019101, 4830026102, 4830026103, 5150023103, 4760054102]"
24,"[308552, 7404860]",[5110902102]
25,"[308886, 7399453]",[4830004101]
26,"[308918, 7398813]",[4820967104]
27,"[308974, 7403805]",[4830009104]
28,"[309452, 7399883]",[4830008103]
29,"[309915, 7389234]","[5071177103, 4620031102]"
30,"[310320, 7398006]","[771297103, 771297102]"
31,"[310791, 7378782]",[4710043101]
32,"[310964, 7376297]","[4750058103, 4750058103]"
33,"[311006, 7383514]","[4670049101, 4670303105]"
34,"[311288, 7382875]",[4670018101]
35,"[311410, 7376056]",[3090527101]
36,"[311485, 7375727]",[4690312102]
37,"[311521, 7376390]",[4750039101]
38,"[311525, 7376309]",[4650398101]
39,"[311899, 7399879]",[4820308102]
40,"[312457, 7399747]",[5170320101]
41,"[312497, 7397797]",[410433102]
42,"[312536, 7384293]",[4670014101]
43,"[312563, 7384301]",[4670009101]
44,"[312634, 7397889]","[4840089103, 4880333104, 4880010101, 4861757102, 4860589102, 4880741101, 4860589102, 4860533105, 4860340101, 4860053102, 4860004103, 4850588101, 4840063104, 4842483101, 4842337102, 4841460102, 4841307102, 4841295102, 4840506102, 4840304103, 4840094101, 4840093101, 4840091103, 4850817102, 4841295302, 4840374102, 880097101, 5150051102, 5031286101]"
45,"[314302, 7378511]",[4710046104]
46,"[314415, 7389892]",[4951139102]
47,"[314659, 7397368]","[4850036101, 4850622101, 4850875102]"
48,"[314874, 7386365]","[4640951102, 4640951103]"
49,"[314902, 7378949]",[4710045105]
50,"[314910, 7363140]",[4740342102]
51,"[315169, 7363564]",[4740406102]
52,"[315512, 7397460]",[4960006101]
53,"[315858, 7397306]",[712914101]
54,"[316229, 7379342]",[4710017102]
55,"[316314, 7379446]",[4710353102]
56,"[316317, 7397086]","[5170020101, 4941528101, 780021101]"
57,"[316382, 7379431]",[4750035102]
58,"[316456, 7379486]",[4750039101]
59,"[316462, 7379472]",[3090527101]
60,"[316696, 7397147]","[4952360101, 4960021102, 5161911101, 4953489102, 4951324102, 4810029102, 4950086101]"
61,"[317021, 7392214]",[4951139102]
62,"[317039, 7383470]","[4640951102, 4640951103]"
63,"[317328, 7405611]",[1170341102]
64,"[317372, 7390426]",[3330023101]
65,"[317409, 7397950]",[4860683101]
66,"[317429, 7407617]",[1170035102]
67,"[318407, 7376546]",[3070061101]
68,"[318433, 7390776]",[4930303104]
69,"[318514, 7377781]",[3070354103]
70,"[318564, 7378508]",[3090102101]
71,"[318596, 7397677]",[5020834103]
72,"[318687, 7406141]",[1180029102]
73,"[318689, 7378665]",[3070075103]
74,"[318696, 7378418]",[3070417102]
75,"[318725, 7396956]","[4950359101, 4950114103, 5050007101, 2021228103, 4940033101, 3211724103, 4920913101, 4940597103, 3330038102, 4900448102, 730016101, 1661350103, 4870650105, 4941410101, 2811521101, 1520006101, 432280101, 5150053101, 4940618106, 4920913102, 3230001101, 4951200104, 540373101, 3360875102, 4951193104, 4951171101, 712914101, 4971131103, 4971351104, 2811521101, 4990045201, 4990045202, 4990118101, 4990143101, 2201806101, 4951255103, 3040958101, 4991951201, 4991947102, 5001199101, 5150021101, 5020013104, 4770373102, 5011324101, 4991958103, 2121250101, 5150053101, 5000013101, 5000002103, 4992467106, 4992133101, 4992105103, 5000317101]"
76,"[318744, 7379967]",[4690029105]
77,"[318789, 7378731]",[3070326106]
78,"[318799, 7378715]",[3071286103]
79,"[318812, 7396932]","[660438101, 5161386103, 4992027103]"
80,"[318819, 7396815]","[4910782104, 5020327103, 5001013103, 3111318103]"
81,"[318823, 7378720]",[3090503104]
82,"[318858, 7396740]","[850007107, 4970111101]"
83,"[318920, 7378759]",[3070761101]
84,"[318923, 7385085]",[3070354103]
85,"[318938, 7380409]",[3090341101]
86,"[318941, 7383446]",[4690026101]
87,"[319011, 7396161]",[5020834103]
88,"[319124, 7378930]","[3070445101, 3070348101, 3070761105, 1290004101, 3070830102, 3070075102, 3071036101, 3070550102, 3071171101, 3071036103, 3072535101, 3072563103]"
89,"[319235, 7385335]",[3040021103]
90,"[319356, 7379208]","[3070073102, 4683605102]"
91,"[319361, 7379254]",[3070354102]
92,"[319361, 7382301]",[3150145102]
93,"[319482, 7379553]",[3071177101]
94,"[319492, 7382317]",[3250025101]
95,"[319510, 7379421]","[3070063102, 3070063101]"
96,"[319524, 7379570]",[3070354105]
97,"[319529, 7380020]",[3072761103]
98,"[319552, 7390708]",[5121655101]
99,"[319579, 7382321]",[3240020104]
100,"[319586, 7382316]","[3070061103, 3070061103]"
101,"[319690, 7382371]","[3140332102, 3090344101, 3090344104, 3090370101, 3153799101, 3153470102, 3153352102, 3153274104, 3153274103, 3153245101, 3153203102, 3090424102, 3150387101, 3101169101, 3150372103, 3110039104, 3150306101, 3070798101, 3150120101, 3150082102, 3141923104, 3141923103, 3121535104, 3130543101, 3140040103, 3140984104, 3000531101, 4660895103, 4651183101, 4650004101, 4650004103, 4650026103, 4650039103, 4650047101, 4651032102, 4660894101, 4680011101, 4680029102, 4680044101, 4680071102, 4680081102, 4680108102, 4680108103, 4680329102, 4680401101, 4680630101, 4680630103, 4681724101, 4682108101, 4710017103, 4710017104, 4710045105, 4710046104, 4721827102, 4740342102, 4740401101, 4640332105, 4640038102, 4740406102, 230318103]"
102,"[319702, 7382225]",[3150462101]
103,"[319704, 7395361]",[4851179101]
104,"[319719, 7382246]",[4680053103]
105,"[319727, 7385843]",[3150359101]
106,"[319736, 7390619]",[5082390101]
107,"[319747, 7382373]","[3151096102, 3090437104, 3070026102, 3153488102, 4710017103, 3070417102, 3070398103, 4710017104]"
108,"[319771, 7382358]",[4740401101]
109,"[319836, 7395302]",[5162337101]
110,"[319902, 7382596]",[3140968101]
111,"[319978, 7388418]",[5162337101]
112,"[320087, 7396533]",[4971355102]
113,"[320131, 7382632]",[3150798103]
114,"[320172, 7396578]","[810538101, 5150037104, 4900439105, 5150037102, 780752102, 4990326104, 780752101, 3381341101, 3380032102, 3371048103, 4800026103, 540655101, 3050095103]"
115,"[320182, 7383636]",[3231577103]
116,"[320190, 7394977]",[3360029103]
117,"[320202, 7394871]","[4850046101, 4810542102, 5050047103]"
118,"[320239, 7382748]",[3150370103]
119,"[320295, 7382964]","[3140029102, 3150387103, 201800111, 3151090101, 3140029101]"
120,"[320406, 7388063]",[4651946102]
121,"[320536, 7380421]",[3090889101]
122,"[320550, 7361773]",[490448101]
123,"[320578, 7380400]",[3090354101]
124,"[320586, 7392264]",[3360006103]
125,"[320601, 7383477]","[541210102, 2820308102, 3231577101, 2950008103, 4610673102, 4620048101, 4620028103, 4630046103, 4640038101, 4610399102, 4620028102, 4640332102, 3231577101, 4750035102, 4610673103, 4610321102, 4630006104]"
126,"[320621, 7387844]",[4610422102]
127,"[320628, 7402717]",[602327102]
128,"[320645, 7383494]","[3231334101, 3150022101, 4640042102, 3070398103, 2801627101, 3090341101, 4650010101, 970070101]"
129,"[320821, 7383326]",[4690026101]
130,"[320850, 7410527]","[1190337102, 1120009102, 1160022104, 1190359101, 1190352101, 3440524102, 1191474103, 3510038201, 3580045103, 3440561101, 1191232101]"
131,"[321034, 7414910]","[3560021101, 3450306101, 3440014102, 3440007101, 3440524103, 3440942105, 3440788102]"
132,"[321109, 7414950]",[3440301102]
133,"[321137, 7387874]",[4601207101]
134,"[321434, 7388443]",[4650350102]
135,"[321531, 7406880]","[260725101, 3560321102]"
136,"[321620, 7396988]",[2140035101]
137,"[321809, 7424133]","[3560313101, 3560015102, 3560013102, 3560013101, 3551685101, 3550357101, 3560027101, 3550320101, 3550045102, 3550042101, 3550026101, 3560028102, 3550017102, 3560013104, 3550017101, 3560038102, 3560046102, 3560663104, 3563923104, 3570029102, 3570308101, 3560062102, 3560071102, 3560093101, 3560116101, 3550001101, 3560321102]"
138,"[321893, 7403375]","[1190337102, 1191474103, 1120694102, 1120694101]"
139,"[321945, 7384508]","[3260620103, 3230557102]"
140,"[322246, 7405068]",[1150020101]
141,"[322430, 7405020]","[1150309101, 1160588102, 1161821101, 1161863102, 1160040103, 1163898101, 1160022104, 1160394101, 1160022101, 1163969103, 1160344102, 1160010103, 1190307101, 901088101, 1150505102, 1150499101, 1150034101, 1163969104]"
142,"[322495, 7393440]",[3001136102]
143,"[322598, 7396710]",[1130016101]
144,"[322642, 7397450]","[4310010101, 4950086101, 10020104, 1132209101, 1130804101, 1131040101]"
145,"[322735, 7397315]",[1130811103]
146,"[322823, 7385221]",[3401184101]
147,"[323047, 7381337]","[3050690105, 3131726102, 3111005102, 3072563101, 3070411101, 4683605102]"
148,"[323050, 7384129]",[3141923101]
149,"[323142, 7394977]","[3380036101, 5040496101, 3050015101, 3121812101, 3560013104, 2980104101]"
150,"[323150, 7384127]","[4680011101, 4690029105, 2780138101, 4651183101, 3271126102, 4680630101, 3040913101, 2860330102, 2860839102, 4650047101, 3040030101, 4630006104, 3163647103, 3040499102, 4721827102]"
151,"[323153, 7384142]","[3230005101, 2600812102, 3140993102, 3070331101, 1720016101, 3040021103, 3070061101, 3153899102, 2810496102, 3153899101, 2890006101, 3050690103, 3120028101, 3230595102, 3072761103, 4680071102, 4550509101]"
152,"[323172, 7395669]",[3380305101]
153,"[323177, 7384097]",[3155487102]
154,"[323273, 7381423]",[3070761105]
155,"[323310, 7383531]",[3051973101]
156,"[323348, 7394377]",[3150082102]
157,"[323393, 7396574]",[1040024102]
158,"[323519, 7418935]","[3560081101, 3570010101, 3560620101, 3560045102, 3560327102, 3560080101, 3560103101, 3510915101, 3580040102, 3580045103, 3590028103, 3510038201, 3560104101, 3560327101, 2020009101, 3560021101, 3560048102, 3450538102, 3600026101, 3560124101]"
159,"[323572, 7381522]",[3080307101]
160,"[323590, 7362686]",[4720028102]
161,"[323614, 7387604]",[3221050103]
162,"[323665, 7419150]",[3510011201]
163,"[323696, 7401572]","[3600026101, 1091275102, 1091275104, 1110045101, 1091875103, 1220003101, 3550045102, 1090524101, 1160094103, 1160339101, 1160339101, 1090651104, 3560100101, 1091275101, 1090563102, 1180377101, 1160056101]"
164,"[323761, 7421132]",[3561465101]
165,"[323764, 7401355]","[1101273101, 1120009102, 1101363104, 3440524103, 1101273102, 1091847103, 1160083105, 1120047101]"
166,"[323791, 7408204]",[3440561101]
167,"[323807, 7383848]","[3040958101, 3090064102]"
168,"[323818, 7390842]",[4610006101]
169,"[323966, 7390965]",[3221050103]
170,"[324024, 7395192]",[4810542102]
171,"[324048, 7383877]",[4610006101]
172,"[324069, 7397980]",[4840091103]
173,"[324079, 7363722]","[2980447104, 2990023101, 2980380105, 2980380101]"
174,"[324251, 7396231]",[4850046101]
175,"[324267, 7397994]","[1180374104, 3290462103, 4841295102, 1180029105, 3290462104, 1170321101, 3470683201, 1120028102, 3290462104, 1041405102, 1180423103, 3290462103]"
176,"[324281, 7407416]",[1160008102]
177,"[324341, 7397810]",[1170035102]
178,"[324499, 7382839]","[4640018103, 4640018103, 2921056105, 2910311102, 4630006103, 4740376101, 3341657101, 4680057103, 2940031102, 3130641101, 2921746101, 660438101, 2680937104, 4680057103, 3121812101, 4630006103, 3080313102, 2801627101, 3010468101, 5000317101, 3230034103, 5020327103, 3130641102, 3230675102, 3230021101, 4900440102, 3130641101, 2950042103, 3130641102, 3150372103, 3150159102]"
179,"[324596, 7396180]",[5040032102]
180,"[324638, 7381630]",[3090568101]
181,"[324654, 7369757]","[2970310101, 2970316103]"
182,"[324660, 7369751]",[2990301102]
183,"[324689, 7382787]","[3090499101, 3090499101, 3090499102, 3153205101, 3140045103, 3153205101, 3150159102, 3090499102, 3090081101, 3140317103, 3050095103, 3153799101, 3080313102, 3550054101, 3090005102, 4640038102, 3050022101, 3050022101, 3110326103, 3140045103, 3110326103, 3153470102, 3090081101, 3090437104, 3151660102, 3090344104, 3140329101, 3140332102, 4640332101, 3150632102, 3150632102, 3090005102, 3140939101, 3150632101, 3090415101, 3140984104, 3070934102, 3070761101, 3150144102, 3071171101, 4610673103, 3140012102, 3070026101, 5140042102, 3130543101, 3151096102, 4610673102, 4610399102, 3050811103, 3070026101, 5140042102, 4610321102, 3140040103, 3140329101, 4610015105, 3140012102, 3150673101, 3090415101, 3140317103, 4720008104, 4640332101, 4681737103, 4681737103, 1280514101, 1280514101, 4680630103, 640838101, 3230001101, 640838102, 4680329102, 4680108103, 4680108102, 4911448101, 4911448103, 4680099101, 660319103, 3210002101, 4680044101, 4681940104, 4681940104, 4682108101, 3230557102, 3040030101, 3300912102, 3010491101, 3010468103, 3351010101, 3351010101, 4810029102, 3250967105, 4651052102, 4740376101, 3250363102, 591645101, 3231507101, 3231334101, 4730054101, 3230670101, 4720317102, 4710353102, 3250363102, 4651052102, 3101169101, 4650060102, 4651052101, 4651032102, 4650010101, 4650060101, 4650004101, 4650060101, 3163647103, 4650060102, 4650038101, 4650038101, 4651052101, 4640332102, 4650039103]"
184,"[324790, 7393128]",[3211606103]
185,"[324791, 7369946]","[2990331103, 2990331102]"
186,"[324971, 7403285]",[1220021101]
187,"[324997, 7370387]","[2970322102, 2970322102]"
188,"[325009, 7370463]",[2970307103]
189,"[325039, 7392400]",[5140320102]
190,"[325051, 7382964]",[2780106101]
191,"[325068, 7401365]",[1090651102]
192,"[325106, 7370462]","[2950012101, 2970016101, 2960002101, 2960005101, 2970548103]"
193,"[325123, 7388880]",[3290474101]
194,"[325180, 7381724]",[3090068101]
195,"[325231, 7397826]",[3470682101]
196,"[325261, 7397978]",[1160012104]
197,"[325285, 7397899]",[1221392101]
198,"[325300, 7393715]","[1271303103, 3010491101, 2940408101, 4991958103]"
199,"[325315, 7381741]",[3092229101]
200,"[325323, 7401795]",[1160148101]
201,"[325324, 7383014]","[2830043101, 2830043101]"
202,"[325342, 7401302]",[1161781101]
203,"[325347, 7401679]","[1221386104, 1221386102]"
204,"[325377, 7393725]",[5000013101]
205,"[325381, 7385972]","[3040041103, 3050015101, 3211059102, 2951431103]"
206,"[325395, 7401748]",[1220021101]
207,"[325419, 7381511]",[3111005102]
208,"[325430, 7401018]",[1160448102]
209,"[325439, 7392025]",[5060700103]
210,"[325449, 7391956]",[4620031102]
211,"[325459, 7383024]","[3141920103, 4460002102, 2980380101, 2981099101, 801280101, 3260013102, 3260013102, 2980083102, 2980447104, 3090041101, 2890006101, 2980380105, 2980360103, 2450019101, 2960005101, 3150027101, 3150469101, 4991951201, 3150027101, 3070026102, 2950013102, 2940065101, 2921000104, 3150469101, 3153352102, 2950012101]"
212,"[325547, 7381983]","[2802120101, 3081125102, 3090064101, 3070028102, 3090337101, 3060305104, 3060047101, 2871617104, 3070789104, 3101165101, 3070789102, 3071286103]"
213,"[325548, 7382979]","[3090041101, 2810496102, 2930017101, 3153203102, 4640038101]"
214,"[325597, 7382014]",[3070075102]
215,"[325629, 7392123]","[1570647102, 5130026101, 4671102103, 3933010101, 2320047101, 3330959101, 1860308102, 4851179101, 5070516102, 4671102103, 1151755101, 5031275102, 3930057103, 1991279103, 3631663102, 4871772101, 3150798103, 3300312103, 2340323101, 1900434101, 2560485103, 2540026103, 211261103, 4670026103, 5070516101, 3330469103, 190535103, 471957105]"
216,"[325686, 7400487]",[1210468105]
217,"[325693, 7392132]","[660667102, 3351168104, 5030050103, 3162915103, 4510310101, 5080051102, 500341104, 470994101, 5071177103, 4670303105, 3160563101, 3191210103, 3160556101, 4670014101, 5090015102, 4670009101, 3190843101, 880658102, 3320816104, 3290715102, 3150822101, 1980493103, 3361474102, 890044102, 2000068103, 2000477101, 4620931102, 361948102, 2300310101, 361948103, 2151392103, 3421904103, 4600005104, 3421811101, 4910782103, 5061494101, 4601173102, 3351168104, 2330049101, 3420500102, 2131720103, 4601207101, 3400307102, 4960004101, 5070012103, 5070042104, 4911560101, 380011102, 460307102, 1861287102, 540686104, 3370665101, 3281061103, 5061544101, 4611705103, 5090026102, 3311722102, 5111328103, 1531959102, 1530035101, 2570019103, 1650594102, 5090016101, 1620027102, 1370303102, 860971102, 5090026102, 4000072101, 1331411104]"
218,"[325694, 7392075]","[5031277101, 5060321101]"
219,"[325720, 7392192]","[451856104, 3320013101, 3320013101]"
220,"[325742, 7372381]",[2980381103]
221,"[325765, 7398157]","[400918104, 240626103]"
222,"[325786, 7399932]",[1090651102]
223,"[325830, 7383374]",[3260620103]
224,"[325848, 7382306]",[3110059102]
225,"[325862, 7383419]",[3090339101]
226,"[325865, 7399063]",[1160074104]
227,"[325866, 7391941]",[1730932101]
228,"[325939, 7382947]",[2990301102]
229,"[325939, 7383081]",[4660894101]
230,"[325945, 7383460]",[3120856101]
231,"[325952, 7397660]",[1170318101]
232,"[325997, 7392113]",[3420029101]
233,"[326078, 7397963]",[1260307103]
234,"[326089, 7398150]","[3560071102, 3560116101, 2040611101, 5130004102, 1921372101, 221631102, 3560062102]"
235,"[326117, 7373227]",[4730323101]
236,"[326135, 7392072]",[4610006102]
237,"[326164, 7397600]","[1090539103, 1271233103]"
238,"[326175, 7383522]","[3040913101, 4620028102, 4620028103, 3150370103, 4681724101, 3151090101, 3153245101, 4080049102]"
239,"[326183, 7383674]",[2780106101]
240,"[326206, 7392748]","[3180956101, 3120528104, 4910304103, 3932318101, 3001137103, 2980537101, 4210985101, 4990045202, 3341657101, 4990045201, 2942288101, 2930987102, 4640033102, 2831090106, 4200947103, 2980537101, 2930915101, 1470014103, 2920018103, 2980458102, 1362073102, 4840081103, 4900448102, 2251785101, 1470822102, 2290108103, 1370022103, 4620931102, 1470399102, 1470399102, 492109101, 3290766102, 2980458102, 2930906101, 3401156104, 2980927102, 840078103, 4971351104, 2880305102, 4730346101, 3041727102, 500641101, 3370465101, 390339101, 2940061101, 2900009101, 3400016102, 2910050103, 500699101, 2901012101, 540655101, 4850816102, 2910015102, 801280101, 1410997102, 2880305102, 3101165101, 2080020101, 2430003101, 2851446101, 4970764101, 3190076101, 3190076101, 2980310103, 4910304103, 1441246101, 4970625101, 1441246101, 1470822102, 2911440101, 2220959102, 2871504102, 2871617104, 1371428101, 3330038102, 4970625101, 3291579101, 2180855101, 3230354101, 3070934102, 3720036103, 3720036103, 1570049103, 211283104, 3680304101, 1570036101, 1560627103, 480546101, 3070789102, 3760574102, 3770362101, 480532105, 2960003103, 3730908105, 3231507101, 3140939101, 2570037102, 5140057101, 2451793103, 5140057104, 1720031103, 3230670101, 180988101, 180898102, 2171435101, 451131102, 1691329104, 2520027103, 3090064101, 3560089101, 2001971102, 4400035101, 2570036102, 2001975102, 480511103, 3070789104, 2930007103, 260003102, 1861303102, 452258102, 3300451101, 870344103, 3121407102, 2680897102, 3060038101, 2951388101, 2951371104, 2980134102, 4601173102, 2771280103, 3300451101, 2950325104, 2680897102, 3020751102, 2951388101, 2640626104, 3330001101, 1861288101, 3311722102, 1530596102, 3330001101, 3030662101, 4891053102, 2210045101, 2771280103]"
241,"[326260, 7373414]",[2920430101]
242,"[326271, 7392754]","[2950036102, 2201806101, 4920913102, 1360021101, 2950024101, 2131725101, 2980052107, 3230675102, 32274103, 3210002101, 1290004101, 2000011101, 1960323101, 4720317102, 2210045101, 4730011102, 2980108102, 4920913101, 4910769102, 1981515105, 2220050105, 2980104101, 2960027102, 2220050105, 4730346101, 2950042103, 621047103, 2220959102, 2960032101, 3090944101, 4730335102, 2950012104, 2940049104, 2940049103, 2950019202, 2940040101, 2940006102, 2940001103, 4720008104, 2940001101, 2970521106, 4940618106, 3050491101, 1540023101, 4830025102, 2680148101, 3060047101, 3060038101, 3053603101, 3040041103, 3050811103, 2782009101, 880810101, 2921141102, 2801434103, 5000002103, 2802120101, 5020013104, 4991958102, 3760036101, 3721091101, 5140063105, 2460004101, 170739102, 880002102, 5150037102, 3090337101, 3070445101, 5150037104, 2531167101, 3620805102, 1621622102, 2580021101, 2580023103, 1570850102, 3081125102, 2820914103, 591645101, 2910012102, 2921056101, 3180057101, 3380319105, 2980524103, 2900036104, 3180956101, 780021101, 2820914103, 4951193104, 3380008103, 5161386103, 3181622101, 2270012103, 3181940102, 3380032102, 4951200104, 3360875102, 4970115101, 3010468103, 3010468101, 2921056103, 2980524102, 2831190102, 1901630103, 4820028101, 3050039105, 3155448102, 4721826104, 2921056102]"
243,"[326285, 7360682]",[2290462101]
244,"[326285, 7397919]",[3010521102]
245,"[326347, 7392752]","[2930027101, 170594102, 2970316101, 4820742102, 3440048103, 1220020101, 3320319101, 3280302101, 3070316101, 3280302102, 3060305104, 442645102, 4640042102, 2791307103, 2831090104, 1091875103, 850845102]"
246,"[326373, 7397698]",[1020001102]
247,"[326399, 7392647]","[481932103, 1800329102, 4901368104, 271480102]"
248,"[326421, 7392632]",[871826101]
249,"[326421, 7397753]",[1221392101]
250,"[326430, 7386643]","[32274103, 3271239101, 2921000105, 4950359101, 721278101, 3211543101]"
251,"[326438, 7380465]","[920001101, 2970521106, 2830972104, 2801434103, 2830970103]"
252,"[326458, 7397849]","[1221386102, 3560093101, 1210381101, 1180382102, 1180029102, 1180017102, 2290035101, 1150309101, 1221386104, 5160342101, 1030792101, 1112175104, 1130033101, 4830026102, 3551685101, 10027103, 1010523102]"
253,"[326459, 7397890]",[1160448102]
254,"[326499, 7380459]",[2790016101]
255,"[326506, 7392587]","[2810037103, 2810037103]"
256,"[326508, 7380470]","[2790016101, 2871504102]"
257,"[326552, 7382841]",[2790331102]
258,"[326557, 7382693]",[3070005102]
259,"[326569, 7397888]","[4841307102, 4850588101, 5161171101, 1421801101, 4810541101, 1390864102, 1740551101, 1080840101]"
260,"[326594, 7386837]",[3290474101]
261,"[326596, 7401289]","[1261715104, 1260013105, 1220028102]"
262,"[326597, 7401357]",[1220049101]
263,"[326606, 7384118]",[3070005102]
264,"[326619, 7401546]",[1221392102]
265,"[326645, 7386650]",[3290740101]
266,"[326670, 7377246]",[2790492102]
267,"[326676, 7391954]","[2990024101, 2880044103, 2940052103, 2830972104, 4990118101, 2830010101, 4600523103, 2940407104, 4992133101, 2980739101, 3270017101, 3300912102, 3150673101, 3230034103, 2980104104]"
268,"[326677, 7377174]",[2970016101]
269,"[326681, 7384379]","[3290740101, 230318103]"
270,"[326725, 7392329]",[3230021101]
271,"[326738, 7380703]",[2851446101]
272,"[326759, 7376840]",[2920500101]
273,"[326766, 7373791]","[3120856101, 4730051103, 4731411101]"
274,"[326768, 7392381]",[3080307101]
275,"[326788, 7384410]","[3150387103, 2890040102]"
276,"[326830, 7392189]",[2981434104]
277,"[326834, 7392570]",[3330052101]
278,"[326875, 7392180]",[2980415104]
279,"[326882, 7392625]",[4670018101]
280,"[326883, 7380311]",[2920430101]
281,"[326898, 7384591]","[3070354102, 3250435101]"
282,"[326903, 7388518]","[3370784101, 3180057101, 2910039101]"
283,"[326974, 7373787]","[2930017101, 2911440101, 2980540102, 2921141102, 2980050101, 2980055106, 2980084102, 2940065101, 2910030101, 2980084105, 2990030101, 2980310103, 2990030101, 2940407104, 2990023101, 2950013102, 2990011105, 2990011105, 2980368102, 2980927102, 2960002101, 2980104104, 4730054101, 2980426101, 4730335102, 2960032101, 2990317102, 2910317105, 170739102]"
284,"[327009, 7386434]",[3280378102]
285,"[327038, 7393294]",[1351941102]
286,"[327039, 7373937]","[2980108102, 2950036102, 2960027102, 2980739101, 2950024102, 2921056105, 2980052107, 4971131103, 2981434104, 2940408101, 2910015102, 2983008101, 2930915101, 3400016102, 2990318101, 2950024101, 2950019202, 2990318101, 2940408102, 2980010101, 2990317102, 2990024101, 2950012104, 2921000104, 2910012102, 2980010101, 2950053102, 2921746101, 4730011102, 2910050103, 2980134102, 2910311102, 4640332105, 2910032101, 2951431103, 2950311101, 640838101, 2930987102, 2951371104, 2920018103, 2940006102, 2980415104, 2950325104, 2970316101, 2980524102, 640838102, 2901012101, 2980524103, 4721826104, 2980112101]"
287,"[327052, 7384709]",[3231577103]
288,"[327084, 7392880]",[5010038101]
289,"[327118, 7390533]",[3211606103]
290,"[327125, 7392682]",[3200370101]
291,"[327126, 7386855]",[3180512106]
292,"[327156, 7374052]","[2960003103, 2940040101, 2940001101, 2940001103, 2942288101, 2940031102, 2940061101, 2940052103, 2940044101, 2940049103, 2940049104]"
293,"[327161, 7392653]","[2091500101, 1771629101, 4250582102, 2100746104, 3951846103, 1450041102, 4271328101, 2110799101, 3200082101, 3210897101, 1980033104, 3190843101, 3050811102, 4650350102, 4690312102, 2260647101, 2471025103, 3050039105, 1370042108, 3951846104, 4750003101, 4681725101, 3560031101, 3330023101, 2430003101, 1442408101, 3281061103, 1370042101, 2261139101, 3200506102, 910593103, 1190430101]"
294,"[327178, 7392683]",[800050101]
295,"[327195, 7385065]",[2990023103]
296,"[327297, 7395027]",[471332103]
297,"[327302, 7389770]","[2983008101, 3370465101, 4900439105, 4730051103, 2980112101, 4860004103, 2280011201]"
298,"[327330, 7385307]","[3000531101, 3110039104]"
299,"[327394, 7392341]",[2910011102]
300,"[327430, 7394953]","[500573102, 2600819102, 900323101, 581259101, 1020974102, 1021066103, 1130035102, 2101176101, 1130035103, 1020017101, 980030101, 1020974101, 4610006102, 831102101, 2550447101, 3421904103]"
301,"[327454, 7390667]","[790314101, 2680148101, 2940044101, 2000030203, 3200003101, 3370688102, 2980360103, 2940408102, 4610006102, 2811409102]"
302,"[327456, 7394955]","[1040115101, 1041273102, 2410018101, 4461139103, 890044102, 900022101, 1112175104, 1040024102]"
303,"[327464, 7392225]",[3950047101]
304,"[327471, 7392230]",[3072535101]
305,"[327478, 7386192]",[4630046103]
306,"[327495, 7396637]",[1682100104]
307,"[327505, 7385526]",[3090889101]
308,"[327514, 7379693]",[4730323101]
309,"[327554, 7389613]",[3630015102]
310,"[327554, 7390540]",[570346104]
311,"[327567, 7375461]","[271480102, 2930906101, 2900036104, 2891585101]"
312,"[327614, 7392055]",[3071177101]
313,"[327630, 7391973]","[3071036101, 3071036103]"
314,"[327652, 7397760]","[2190032101, 3560509102]"
315,"[327673, 7390599]",[3141923101]
316,"[327678, 7389571]",[3371048103]
317,"[327749, 7379990]",[2784276101]
318,"[327771, 7391624]",[3070316101]
319,"[327783, 7385992]",[4680053103]
320,"[327831, 7386089]","[3150387101, 3090370101, 5050040103, 3153274104, 4650004103, 3153274103]"
321,"[327865, 7386167]",[2921000105]
322,"[327872, 7386090]","[3150306101, 4680081102, 4681742103, 3141923104, 3141923103, 3153340101, 3090424102]"
323,"[327887, 7391579]","[3070073102, 3070354105]"
324,"[327891, 7377301]","[4890433103, 2831090104, 2791307103, 2831190102, 2830010101]"
325,"[327938, 7386080]",[2780590102]
326,"[327990, 7386256]",[2784276101]
327,"[328084, 7386003]",[2780138101]
328,"[328121, 7380638]",[3092229101]
329,"[328132, 7397427]","[891422102, 891422101]"
330,"[328217, 7390866]",[3070354101]
331,"[328336, 7386944]",[3010521102]
332,"[328373, 7386313]",[3180512106]
333,"[328575, 7394603]",[890013103]
334,"[328753, 7394520]","[870001102, 2461283102, 2451248102, 661240102, 880015101, 880810101, 600054102, 1011348101]"
335,"[328942, 7381069]",[2790492102]
336,"[329099, 7397170]",[1362073102]
337,"[329139, 7381007]",[2330044104]
338,"[329160, 7402243]",[1450583102]
339,"[329162, 7402226]",[1340051103]
340,"[329191, 7398005]",[591645102]
341,"[329247, 7389389]",[2920500101]
342,"[329338, 7402657]",[1230316101]
343,"[329351, 7394234]",[4310946102]
344,"[329360, 7394190]","[2810063101, 850463102, 850575102]"
345,"[329411, 7402761]",[1211707101]
346,"[329425, 7403485]",[1211392104]
347,"[329442, 7403014]",[1211707102]
348,"[329450, 7403015]",[1190430101]
349,"[329475, 7390518]",[3230005101]
350,"[329491, 7402998]","[1230825103, 490779101, 1550017102, 1421801101, 1550017102, 1530509102, 1210011102, 1210381101, 1230316101, 1240471101, 1230316103]"
351,"[329500, 7394150]","[2440326301, 5082278101, 1271124101, 600700101, 2560771103, 2681093101, 850538102]"
352,"[329526, 7383976]",[3050092101]
353,"[329628, 7378222]",[4890433103]
354,"[329638, 7397686]",[941127102]
355,"[329722, 7397224]","[1950443101, 1730762104, 3930053101, 1160016101, 520332101, 910593103, 4271694102, 2080810103, 4940033101, 1720027103, 1890588103, 4810042101, 5150573101, 1010523102, 1401246104, 970110103, 2491418102, 1650003101, 2551286101, 1650040103, 4920314101, 3563923104, 4920314101, 1950012102, 1771012101, 1130033101, 910320101, 4941410101, 3440409101, 4960021102, 3440409101, 1840006102, 3560038102, 4130013102, 4941528101, 5050605104, 4010119101, 720312104, 442645101, 1190359101, 3470683201, 4010119102, 442645101, 1000028101, 1220020101]"
356,"[329729, 7397845]",[1210468104]
357,"[329790, 7397405]","[1730042101, 432698101, 2130886101, 1700025101]"
358,"[329798, 7387968]","[3070798101, 541210102]"
359,"[329849, 7387984]",[2980559101]
360,"[329861, 7397268]","[4992105103, 3560013102, 3560013101, 5001013103, 1390843101, 1390787101, 1391428101, 4830007101, 2290633101, 1041592107, 1120704102, 1120704102, 1060003101, 2350309103, 2640882101, 1750022104, 1750022104, 1120047101, 4830007101, 1740551101, 2420042101, 1080840101, 2620876101, 1740028101, 5130024101, 5130026101, 5140079104, 180961101, 3690781101, 2461283101, 1611009102, 1091797101, 1631211102, 5150061101, 3570308101, 2531519101, 2700681104, 2721851102, 1830015101, 5050792101, 1401971104, 1411037103, 1411832101, 880082101, 5030317103, 3560027101, 220820101, 1131040101, 1132209101, 1840457101, 1030792101, 5050635103, 2780140102, 5011324101, 1510017102, 2780065101, 5160342101, 4991947102, 3560032102, 220782101, 5050635104, 5050691101, 1040313102, 1520006101, 1831153101, 2760021103, 2760009101, 1530015103, 1030971102, 3550357101, 1360005102, 2170753103, 1160012104, 1250439102, 1162316101, 980040102, 1260013105, 1260044102, 1261058102, 4850875102, 1261058102, 1960006104, 4880741101, 1130804101, 1261715103, 1180038101, 1261715104, 1270039101, 2160038102, 4880333104, 2260619102, 461482101, 1161863102, 1271303104, 4841460102, 980048101, 1261715103, 1161821101, 10020104, 3381341101, 2000526101, 980040102, 2000526102, 1160022101, 3440524102, 2180599102, 1132212102, 4770373102, 2210041102, 1163898101, 901095102, 1240028103, 1150499101, 1220049101, 2210555102, 4842483101, 1162316101, 2220010101, 3380319105, 4910782104, 1170321101, 3450538102, 4810337101, 910485102, 1220028103, 5170020101, 2190032101, 4951200103, 3550026101, 4840094101, 1352432101, 1160146102, 1130811103, 3420500102, 980024102, 3160556101, 4860533105, 1930015102, 2131727102, 4830026103, 2921581102, 1370022103, 380302102, 1160146102, 3550320101, 3962750102, 1190307101, 840078103, 480312101, 1380783102, 4970764101, 5161911101, 4840093101, 4861757102, 4880010101, 980304101, 4840506102, 4951324102, 771297102, 750993101, 1160588102, 4953489102, 771297103, 1180374104]"
361,"[329863, 7397314]","[4880317102, 1150035102, 4850622101, 4760014102, 4860340101, 4850075101, 1190352101, 540373101, 3840003101, 3560045102, 1080837101, 5080051102, 2700681104, 3560104101, 3560045101, 3840003101, 1041405102, 4870884102, 2640410104, 1760949101, 5050691103, 4850817102, 4850816102, 1080406103, 1180423103, 1801479102, 4860053102, 1800338101, 4870884102, 1831153101, 3381266101, 211143101, 2640410104, 1120694101, 1830015101, 4280049103, 3560103101, 3560045101, 1030372102, 5050691101, 1091797101, 5050003102, 4760054102, 3510036101, 5040013101, 5040013101, 5030655103, 1630305101, 10027103, 880097101, 4951255103, 4952360101, 2270033102, 1940355103, 4840304103, 4820030102, 260725101, 4960006101, 4840089103, 3550045101, 4840063104, 1650015105, 1920047102, 3570026101, 2531519101, 4842337102, 4810537101, 4950086104, 5050473103, 3560313101, 630623101, 4550030102, 4300014101, 3560032102, 4761414101, 1160040103, 4850036101, 5151972101, 3560032101, 4300014102, 1160056101, 2220911101, 5150016102, 4810042102, 432280101, 660438102, 4940025106, 1250439102, 1241468102, 220782101, 1960331104, 2350309103, 1960331104, 1120309102]"
362,"[329892, 7397503]","[4970111101, 850552101, 850007107, 4971355102]"
363,"[329995, 7397171]",[2191161103]
364,"[330030, 7397474]",[2490532101]
365,"[330216, 7378735]",[2840049101]
366,"[330219, 7397146]",[761022101]
367,"[330261, 7397686]",[1230316103]
368,"[330301, 7394002]",[890013103]
369,"[330388, 7394036]","[860971102, 980048101, 2290073103, 4000094102, 2651836101, 2910030101, 850735103, 4891053102]"
370,"[330473, 7383556]",[3090068101]
371,"[330495, 7386537]",[3750024101]
372,"[330501, 7386721]",[2340446102]
373,"[330556, 7393741]","[460679103, 210557102, 2030365101, 2560485103, 2930007103, 1530044104]"
374,"[330568, 7391476]",[3271126102]
375,"[330584, 7391221]",[3760036101]
376,"[330628, 7391271]","[1331968101, 1331968102]"
377,"[330635, 7385994]","[2980381103, 2130027101]"
378,"[330673, 7391181]",[2830516101]
379,"[330676, 7373426]",[2600326101]
380,"[331015, 7391093]",[3780041102]
381,"[331046, 7396451]","[240626103, 1860018102, 1150035102, 891422102, 2201144101, 1860481101, 400918104, 891422101]"
382,"[331075, 7393460]",[570346104]
383,"[331132, 7393207]","[3070342102, 2170028101, 3140993104]"
384,"[331134, 7393226]",[2280301101]
385,"[331193, 7396252]",[2571792101]
386,"[331257, 7379425]",[2840049101]
387,"[331360, 7394780]",[341193104]
388,"[331368, 7388375]",[3100583101]
389,"[331555, 7405025]",[3430637102]
390,"[331721, 7395844]",[1391428101]
391,"[331755, 7389485]",[3090068102]
392,"[331804, 7392597]","[2650001105, 2630048101]"
393,"[331823, 7392606]","[1160124102, 2430003101, 4270577101, 40003101, 2721851102, 810525102, 3261137104, 591813102]"
394,"[331862, 7378528]",[2831102102]
395,"[332098, 7396337]",[1210003102]
396,"[332160, 7386279]",[3090102101]
397,"[332250, 7395516]","[1220003101, 1170318101]"
398,"[332252, 7395197]","[3420029101, 3163837102]"
399,"[332261, 7385969]",[2171437102]
400,"[332287, 7385975]",[2210305101]
401,"[332323, 7395003]",[4620465103]
402,"[332346, 7395283]",[1660027101]
403,"[332355, 7395306]","[1500014101, 451131102, 2140035101, 3280526102, 211283103, 1840006101, 1040038101]"
404,"[332355, 7396131]",[1400690101]
405,"[332429, 7383978]",[2811479102]
406,"[332480, 7394895]",[2910032101]
407,"[332515, 7396546]",[2980055106]
408,"[332527, 7384006]",[2810063101]
409,"[332527, 7386136]","[4580030102, 4580030102]"
410,"[332564, 7394910]","[1930047104, 2150625102, 2010325102]"
411,"[332586, 7385226]",[2450739104]
412,"[332595, 7395492]",[3470682101]
413,"[332598, 7391854]","[2831196102, 620684102, 2400477102, 2760021103, 4992027103, 910320101, 2400477103, 3070550102]"
414,"[332604, 7383955]","[4580003101, 4580042102, 1290008102]"
415,"[332626, 7385096]",[2520807101]
416,"[332633, 7383942]",[2780078102]
417,"[332633, 7385109]","[2560042104, 2731602102, 2731689102, 2750697101, 2681093101, 2760043105, 2760643101, 1371099101, 2760643102, 2721851102, 2731602101, 2410028101, 601082103, 3440025102, 2030034101, 1741434101, 2340013101, 2500019101, 2200545101]"
418,"[332649, 7386273]",[640855103]
419,"[332652, 7386238]","[600700101, 840726102, 1130035102, 1891699101, 4460010104, 5061544101, 2030015103, 1130035103, 601074101, 1470043105, 601082103, 2760027101, 2401581101, 2230655101, 1441314102]"
420,"[332662, 7383932]","[2780140102, 4580017101, 1310412101, 1580307101, 2260701102, 2784317104, 2460961102, 4271633102, 4230704102, 2780065101, 3790024101, 3210897101, 4503840106, 5050691103, 2782009101, 4550030102, 4570421102, 2780625101, 2851353102, 2760017104, 2790330103, 1511270102, 2760009101, 4580889101, 2760640101, 4590050101, 4580011101, 2471363101, 4590381101, 3040010101, 501491103, 3040010102, 2840030103, 4590001101, 2850408102, 2820315101]"
421,"[332666, 7394693]","[720020101, 432075101, 3140029102, 1800045104, 1831626101, 761022101, 2350024102, 380362101, 1371035101, 2330015101, 2900323103, 3140029101, 3050031102, 3120028104, 250042101, 2260036102, 2121250103, 2980368102, 3230354101, 2121750102, 1710550101, 2000017101, 2030382103, 2000019202, 3021216101, 3021216101, 3770362103]"
422,"[332676, 7392548]",[1210003102]
423,"[332716, 7394812]",[2330054103]
424,"[332723, 7394929]","[1900991101, 4871772101, 1030008103, 1900028106, 2140038103, 3072563101, 2990019101, 3000482102, 1801143101, 1850823101, 3072563103, 3060015101, 1640011101, 2320342101, 3155487102, 3090568101, 1800775101, 2000030205, 1720006102, 3070063101, 1940376101, 1741426102, 671123103, 3211216101, 3070063102, 1980533105]"
425,"[332744, 7386875]",[2491418102]
426,"[332763, 7394728]",[2270310102]
427,"[332772, 7386977]",[3092229102]
428,"[332789, 7391154]",[660069102]
429,"[332798, 7383975]","[4590020103, 4580022101, 4580022101, 4590023103, 4581717101, 4460010104, 2470020102, 4590534101, 2290860101, 2921578101, 200915102, 4581717103, 1100334101]"
430,"[332800, 7393713]",[3131726102]
431,"[332819, 7387066]","[591059102, 2520040101, 201769101, 4320022103, 2501241101, 2460022102, 2460022103, 2460022101, 2460961102, 3040499102, 2461283102, 1811007102, 4461139103, 2471077102, 2490532101]"
432,"[332822, 7395357]",[1470014101]
433,"[332854, 7391187]","[460301101, 4220653102, 870001102, 2650008101, 2980084105, 2560811101, 500573102, 500668101, 3140993104, 2980084102, 2600017101, 501491103, 3140993103, 470486102, 1610339106]"
434,"[332878, 7396441]",[5060700103]
435,"[332880, 7394333]",[3050491103]
436,"[332896, 7396405]","[3950047101, 2260775103, 2260775103, 1101363104, 1160348101, 1160348101, 2260647101]"
437,"[332947, 7387961]","[4810537101, 2500019101, 2501175101]"
438,"[332949, 7389270]","[2210026101, 630623101, 1450603102, 1411090101, 3870692102, 1570034102, 3751713102]"
439,"[333014, 7394698]",[1890009101]
440,"[333027, 7389165]",[200915102]
441,"[333029, 7389829]",[3250435101]
442,"[333034, 7389944]",[850575102]
443,"[333046, 7395471]",[1210468104]
444,"[333056, 7389253]","[3701280101, 2460022101, 1530509101, 660438102, 660667102, 3511537102, 1330730101, 100036101, 1770331101, 2160333101, 1481643101, 2501241101, 170381101, 850463102, 3070830102, 2460022102, 1630557101, 880082101, 3660794102, 3140993103, 1960047101, 1531904101, 3660794101, 2460022103, 630881101, 1730043101, 2440311102, 2210458101, 1960047106, 1531904102, 3230595102, 3070075103, 900323101, 2440311101, 1541475101, 3511537101, 1180038101, 3050690105]"
445,"[333074, 7394543]",[2831102103]
446,"[333077, 7396299]","[2270027102, 2020004102, 4373033101, 3560058103, 3510961103, 2020004101, 1151755101, 2270043102, 3980533101, 2270319101, 4090022101, 2280799103, 2000477101, 2021222103, 2280799101, 4080049102, 1120694102, 3410498102, 4080015101, 3162915103, 1950001101, 3550029101, 1351942101, 2271190102, 2271190101, 2590048102, 4080007102, 4040027102, 1101273102, 4030345103, 3780365101, 3510005101, 3510005101, 2250614101, 4940025106, 2230310103, 4010053101, 3200082101, 4372946101, 3990800101, 3990800101, 1991279103, 1191232103, 2590048101, 4372946104, 1100334101, 1191154101, 2301294103, 3200004101, 3200004101, 4030345102, 2270012103, 2270012101, 2270012101, 2261139101, 1950028101, 2020004101, 2260036102, 4013017103, 3440048103, 4000073102, 750993101, 3191210103, 3510031101, 3560089101, 3510011201, 4000073101, 3510031101, 4040027101, 2290050101, 221631102, 1160394101, 4000068101, 3910377101, 3940049101, 2501175101, 2300018104, 2050367102, 1900434101, 3070004103, 1810033104, 2290819108, 2030336101, 1870029102, 2290819101, 1163969103, 2290653101, 3910377105, 3933010101, 3560031101, 2040008101, 2041863102, 1160124102, 1160085102, 2050075103, 2301304101, 3930017104, 1661350103, 3930057103, 2290653101, 1661434101, 3570029102, 2310305102, 91305101, 3932175105, 3910392101, 2300320103, 2300310101, 3932223101, 2040303101, 2290374104, 3070004103, 2290374102, 2290098101, 2290095101, 2290079101, 1630002103, 1163969104, 1900028101, 4110315104, 2290058101, 4100712101, 2290058101, 3380326105, 4090994102, 1810023102, 4090994101, 2290050101, 2290098104, 2290108103, 2290079101, 2280799103, 2290315102, 3910028102, 2290374102, 2290361104, 2290315104]"
447,"[333078, 7394086]",[3070348101]
448,"[333088, 7394419]",[3130310101]
449,"[333108, 7394614]",[2310326101]
450,"[333182, 7396230]","[2300543101, 3930332101, 2020431101]"
451,"[333199, 7394435]",[1230825101]
452,"[333207, 7389160]",[2030059105]
453,"[333222, 7396186]","[2270316102, 602327102]"
454,"[333226, 7396228]",[1150020101]
455,"[333241, 7390277]","[1040313102, 500654102, 1930011104, 500699101, 1471145101, 1360590103, 1331487102, 2790330103, 2570626103, 2750697101, 440617104, 2750043104, 4250553102, 211143101, 500641101, 1041592107, 3820037101]"
456,"[333242, 7396087]","[3510020101, 3510020101, 2300032101, 2300003102, 2300032101, 2300003102]"
457,"[333251, 7395693]","[3153899102, 3153899101]"
458,"[333270, 7395180]",[1870427103]
459,"[333271, 7395294]",[1360565103]
460,"[333274, 7396107]",[3950054101]
461,"[333299, 7396118]","[3440007101, 1091275101, 3560620101, 4000102102, 4000055103, 3401156104, 3560663104, 1091275104, 4000064101, 4000015101, 3730044103, 1091275102, 4000015101, 4000074101, 1091847103, 3560327102, 3440014102, 3330469103, 920001101, 3560032101, 4000105103, 3560046102, 3910377101, 3940959101, 3950007101, 3910058104, 4160755101, 3561465101, 3951846103, 3951846104, 4120344104, 4120051103, 3910028102, 4120051103, 3910023101, 4110014102, 3940308101, 3560028102, 3940046103, 3940027101, 3930034101, 3930029103, 3930019103, 3930041104, 3050491101, 4231952102, 4231952102, 4100712101, 3930339102, 3930619101, 3910427103, 3932269101, 3932269104, 3910377105, 3940005102, 3940027101, 3930017104, 3440025102, 4090316101, 4090022101, 870099103, 3990120102, 1090524101, 4010029101, 1110045101, 3450536103, 3450536103, 3440942105, 3440788102, 1090563102, 4000301102, 3560327101, 4000105103, 3990420104, 1101273101, 3990115101, 3510383101, 4010119102, 3510383101, 3560048102, 3560058103, 3550042101, 3550029101, 4080004102, 3550001101, 4072292103, 3550054101, 4070938104, 3990049101, 3511537101, 3560080101, 3510915101, 3560081101, 3990104104, 4010702102, 3511537102, 3570010101, 4000050101, 2292439101, 2260046103, 2260022102, 2260022102, 2230015102, 2230015102, 2230015101, 2230015101, 2230003102, 2221725102, 2221725102, 4681725101, 1150026103, 2090039101, 1691329104, 4760594103, 100036101, 2060389102, 2050075103, 2041750101, 2040397102, 2040365103, 2040053102, 2040042101, 4372946104, 2040011201, 2040008101, 4372946101, 461468101, 461468101, 2260046103, 211196101, 2260706102, 5161171101, 4410421101, 1540035102, 2320042101, 2300034101, 2292439101, 2290819107, 1470814102, 2290819101, 4000053103, 2290315102, 2290315101, 2290315101, 1620454103, 2290100101, 2290075101, 2280892103, 2280799101, 1621622102, 2280752102, 2280396101, 2280396101, 2280350102, 2280011101, 2270352101, 780019102, 2270316103, 2270030101, 2270017101, 2261881101, 2260706102, 2030075103, 190535103, 1151516101, 1150509102, 390339101, 1191232103, 1160094103, 2030075103, 2020036101, 5061494101, 1290046101, 1160344102, 1950338101, 2010409101, 1160010103, 1220003105, 1870020101, 1840478101, 1950028101, 1180377101, 1160083105, 2010373101, 452258102, 1190352104, 1950448101, 1950474102, 2830307101, 4990375105, 1810033104, 1150909101, 2900009101, 1150034101, 1191154101, 301296102, 2021222101, 1950338101, 2020899101, 1191232101, 2021222103]"
462,"[333302, 7390288]",[201769101]
463,"[333304, 7390270]",[2520807101]
464,"[333305, 7385440]",[2730019101]
465,"[333312, 7394624]","[3940302101, 2791909101, 2790331102, 4961475102, 1540012104, 2031774102, 210468102, 3070411101, 1540035101, 1940356101, 2190019103, 1740009101, 2260761102, 2160038101, 272449101, 2150615101, 1991151102, 2690824101, 5140079104, 450655103, 1650016101, 2690824103, 1840005102, 1940376103]"
466,"[333352, 7394375]",[2670946101]
467,"[333429, 7395983]",[4611705103]
468,"[333432, 7396772]","[370005104, 3960017103]"
469,"[333563, 7394552]",[3330959101]
470,"[333577, 7397406]","[3801229101, 3650371104, 3870692102, 2310784101, 3100583101, 3630015102, 4910782103, 1150053101]"
471,"[333587, 7394939]",[1740485101]
472,"[333616, 7397385]","[2030044103, 2030044101]"
473,"[333646, 7394986]","[2371309102, 2371309101, 470486101, 2030011101, 4503842102, 4503842104, 200332102, 2420022101, 2020040102, 1730005103, 2290066104, 2050044101, 2050044101, 451856104, 1941008103, 1640047101, 1840019102, 2290315104, 2001971101, 1980544102, 1960011101, 420350101, 2310011101, 4850075101, 390008101, 1380004102, 2520038101, 1480311101, 2440031102, 2920014102, 2611185101, 3980566103, 2920014102, 2610471101, 2441419101, 1360003101, 2441419101]"
474,"[333650, 7395259]","[2550464103, 2550464103]"
475,"[333654, 7394972]",[2070046101]
476,"[333661, 7398904]",[2600017103]
477,"[333690, 7397382]","[3750024101, 3820037101, 1540020103, 3781338103, 3781338102, 1310049101, 5070012103, 3780365101, 3773127103, 3620805102, 3770362103, 1450003103, 3770362101, 3631663102, 1670042102, 3761307102, 3730908105, 3840329101, 3150822101, 3840329101, 3760574102, 3840329103, 3870726101, 2400477103, 2400477102, 3870014101, 3421811101, 3840329103]"
478,"[333695, 7394661]",[1950447101]
479,"[333699, 7397340]",[3761307104]
480,"[333726, 7394939]",[2451890103]
481,"[333783, 7397404]",[4820308102]
482,"[333821, 7395882]",[1501132102]
483,"[333851, 7394410]",[1740013101]
484,"[334014, 7394971]",[2340340102]
485,"[334057, 7394694]","[4231813105, 1990315102, 1930946102, 3910309101, 4210024101, 1401246104, 1930963102, 3910309101, 2420042101, 1940034101, 2020040102, 2420755101]"
486,"[334076, 7397389]",[1370329101]
487,"[334096, 7397405]",[1480011101]
488,"[334100, 7398403]","[500654102, 1350462102, 1650003101, 3590023102, 3600004102, 1650015105, 3620030102, 370042103, 420028101, 1150053101, 3610332103, 3600004101, 3600004101, 3610004104, 3711055102, 3600004102, 3770056102, 3770056102, 1610339106, 3980533101, 1640011101]"
489,"[334108, 7397686]",[3780041102]
490,"[334113, 7399187]","[1442408101, 1650594102, 4761414101, 1640315101, 1580307101, 1300042101, 2320302101, 2250008102, 2200314101]"
491,"[334123, 7398515]",[1740504101]
492,"[334126, 7399914]","[1830301102, 1370042108, 2230655103, 2221725102, 1630557101, 1290008102, 1540010101, 80050102, 1530015103, 1370303102, 1371099101, 1481643101, 1240471101, 3160563101, 1410997102, 1411630103, 1650012102, 1371035101, 1630305101, 1411653102, 1520514102, 1530044104, 1211707102, 490779101, 2000001104, 2311294102, 1850033101, 3430484103, 3430637102, 1211707101, 1331682101, 1550308103, 1351942101, 1352432101, 1210436101, 1480311101, 1540010101, 1331487102, 3430484103, 1560627103, 1740009102, 1360590103, 1370042101, 1230825103, 1451053102, 1451052102, 1330736101, 1331411104]"
493,"[334138, 7399172]","[1650016101, 1650041101, 1650047101]"
494,"[334142, 7399977]",[1371428101]
495,"[334147, 7379695]","[4580003101, 4590001101, 4580017101, 4580042102, 4580889101, 4581717101, 4581717103, 3290766102, 4590020103, 4590050101, 4590381101, 4460002102, 2851353102, 4580011101, 4320920101]"
496,"[334164, 7398366]","[4061468101, 4060052102, 1810578103, 1510020101]"
497,"[334167, 7394439]",[432698101]
498,"[334189, 7399883]","[1390843101, 1450041102, 1411630103, 1411090101, 1450041104, 1450603102, 1470814102, 4590534101, 1350316101, 4050030102, 1330730101, 1531904102, 1531904101, 1210506103, 1530509102, 2881137103, 1530506102, 1450027104, 1450027103]"
499,"[334227, 7379517]",[2850408102]
500,"[334365, 7400295]",[1750016103]
501,"[334415, 7379559]",[2850451102]
502,"[334443, 7393997]",[2310784101]
503,"[334574, 7399958]",[2830516101]
504,"[334603, 7393198]",[2760060101]
505,"[334666, 7389577]",[2410028101]
506,"[334853, 7401009]","[1351941102, 1700691103, 1530596102, 1350462102, 1441314102]"
507,"[334894, 7393783]",[2750002102]
508,"[334993, 7395226]","[2291186103, 4000354104, 1730045101, 4400487104, 1840029101, 2001975102, 490448101, 2292543102, 2001971102, 2050075104, 2000361101, 3930068103, 51429101, 2000056102, 4080025102, 3980076101, 2211791102, 40010101, 4370089101, 3990064102, 5070516101, 5070516102, 4440011101, 4170577101, 1770994102, 2211791102, 4370145103, 2010645105, 1390787101, 1030372102, 3960009101, 3960017101, 2260060103, 2300019101, 2050324101, 2000068103, 2050324101, 3960028102, 3960052105, 3993741101, 4191336101, 4200037101, 2290035101, 3960052105, 2290035103, 2070376103, 910485102, 2070046101, 1870528102, 4211860102, 1870036101, 1870036101, 3581210105, 4491096102, 2000019202, 4320034101, 2000030203, 2050351102, 2000001104, 1870017101, 2000011101, 3970319103, 2000050103]"
509,"[335060, 7395043]","[4340342101, 1881345101]"
510,"[335080, 7394911]","[3960021101, 4000016103, 2000030205, 4240022101, 2780625101, 3780366103, 3993741102, 4010318101, 4020005102, 4390308101, 2000017101, 4410014103, 4271387103, 3993741101, 1240028103, 4410032101, 4410032101, 2000884101, 4400016101, 1880615101, 4340024102, 1840029101, 4250615101, 3990319103, 3990358102, 4420588103, 4420001102, 2280018101, 2050345101, 2050334105, 2050334106, 2050336103, 4510724102, 2050351102, 2050362102, 2050387101, 2270033102, 2060310101, 2060672103, 2290095102, 2060672104, 3290715102, 2060690102, 4090355101, 2090031102, 2090031102, 2090031103, 2290035101, 2090031103, 3962750102, 2501111102, 3961918102, 1000028101, 3961918102, 4090372101, 4090335103, 2050079102, 3581210105, 1730045101, 1040115101, 4060030102, 1750041103, 4060022101, 3980027103, 3770093104, 1800013103, 2050006102, 4080025101, 2050075104, 1801479102, 2050058102, 2050074101, 2630048101, 3770146102, 1800338101]"
511,"[335135, 7394905]",[2030001102]
512,"[335181, 7394329]",[431043104]
513,"[335191, 7404839]",[1550045101]
514,"[335482, 7393215]","[4530487102, 4530487102]"
515,"[335502, 7388907]","[2784317104, 2501111102, 2380043101, 2380677103, 1080406103, 2520027103, 1020017102, 500341103, 5041374101, 1750303101, 2590033101]"
516,"[335555, 7388886]",[2280301101]
517,"[335585, 7388820]",[2730019101]
518,"[335719, 7401630]","[1631173102, 3600019102, 1470014101, 1540020103, 1470014103, 3580025102, 3600009101, 3580025104, 1630002103, 3600019102, 3790024101, 1471145101, 3600009103, 1631211102, 1530618102, 1510013101, 450655103, 3092229102]"
519,"[335780, 7401685]",[1530509101]
520,"[335876, 7393795]","[2280032101, 770989102]"
521,"[335880, 7395883]",[1450048101]
522,"[335886, 7390632]",[1020017101]
523,"[335970, 7394972]",[1890900101]
524,"[335989, 7395091]","[2290120101, 450603102, 3380029101, 1800788102, 1861287101, 3380029101, 1770355101, 2290115101, 2230024101, 1401971104, 2380043101, 2330046102, 130597103, 3780317102, 1360005102, 4370145103, 3730350103, 2290115103, 442645102]"
525,"[336110, 7402419]",[4901368104]
526,"[336120, 7402415]",[2430908102]
527,"[336124, 7395082]","[2040032103, 1480011101, 2311304101, 1940341101, 1940341103]"
528,"[336173, 7394755]",[2290050102]
529,"[336202, 7402374]",[80050102]
530,"[336219, 7402380]",[2780078102]
531,"[336274, 7402411]","[1510017102, 3730044103, 1270039101, 1570034102, 1560015101, 1511270102, 1550660101, 1530035101, 1570049103, 1541475101, 1540010103, 1540012104, 1840301102, 1520514102, 3580528101, 1501132102, 1570850102, 1470043105, 1820925101, 1470822102, 1570647102, 3690781101, 2230003102, 1540023101, 4681683101, 3701280101, 3590023102, 4681683101]"
532,"[336286, 7402388]","[2041863102, 1550308103, 1570855102, 1510002101, 3680304101]"
533,"[336414, 7388994]",[3240020104]
534,"[336437, 7388986]","[2760643102, 4510310101, 1010013101, 2760643101, 4530015101, 4530303102, 4280306101, 4520946102, 2460958101, 3781338102, 2460004101, 2010645105, 4222474103, 2440417103, 2440311102, 2461112103, 2440311101, 2431877101, 300108101, 2410018101, 2471025103, 4950086104, 1391666102, 3781338103, 5140057104, 5140057101]"
535,"[336466, 7388917]",[4363699104]
536,"[336509, 7386881]",[2471158104]
537,"[336514, 7386872]","[2470003102, 2470003101]"
538,"[336514, 7388843]","[2451793103, 4503842102, 4503842104, 2450019101, 2580030101, 1450041104, 4540089102, 2461283101, 2440031102, 1380004102, 2430908102, 1360565103, 2430003101, 2420039101, 2520038101, 2420022101, 4360094101, 4960004101, 2451248102, 5041374101, 4911560101, 1010013101, 420350101]"
539,"[336704, 7389289]",[4670026103]
540,"[336754, 7387779]",[2450739104]
541,"[337241, 7397243]",[3761307104]
542,"[337517, 7385125]",[2450476102]
543,"[337620, 7390030]","[4330003101, 4430307101, 850538102, 4280342101, 4330003101]"
544,"[337762, 7395569]",[2290346101]
545,"[337764, 7395496]","[2650001105, 1540035101, 2130886101, 2570008101, 1930942104, 2121750102, 2300052101, 2121250103, 2121250101, 431527103, 980304101, 432075101, 480312101, 3420034102, 1690997102, 4520946102, 2650008101, 380302102, 400012101, 480532105, 480511103, 850552101, 460307102, 1620027102, 5090016101, 2131725101, 2630041102, 2201130102, 380011102, 2180454102, 1930947101]"
546,"[337810, 7395386]",[1980543101]
547,"[337847, 7395478]","[2200018203, 1450027103, 2320015102, 2330340101, 1450027104, 2650566102, 2651617101, 380362101, 2260029103, 2100019102]"
548,"[337877, 7390127]","[4250553102, 2600819102, 2420039101, 4210943102, 2600812101, 2600812102]"
549,"[337884, 7390022]","[4390042101, 4250582102, 2380715101, 3351809102, 891451101, 4240967101, 4240967101, 4311019101, 4240950103, 4240938101, 2600310103, 2030330101, 470986101, 4221466102, 4221752102, 4180568104, 4181228101, 4390042101, 4191310101, 4390020102, 4191769103, 2470050102, 4200039101, 4200932103, 1450025103, 4200947103, 4380310101, 4210985101, 3970011102, 4220003101, 230037104, 4220006104, 4220011104, 2460958101, 4220032101, 4220087103, 4220653102, 4220764102, 4220777101, 740823101, 4221517102, 4221655101, 4221752101, 4220006104, 4220087103, 4400030103, 4390325101, 4351848103, 860991101, 4351848103, 4290735101, 4351885102, 4290735101, 4350965101, 4290732103, 4311028101, 4370143103, 4290732103, 4351885102, 4290019103, 4281165103, 860991101, 4480930103, 4320022101, 4300306101, 4321865102, 4320898101, 4320022101, 2840030103, 4301202101, 4311028102, 4350038101, 891451101, 4300448101, 4300448101, 601139104, 4330316103, 4300306103, 4300306101, 4300509101, 4440323101, 4311020101, 4420016103, 4420020103, 4420020102, 870057102, 4370110102, 4411203103, 4400496101, 4311019102, 4031285101, 4400015101, 4270636102, 4031285104, 4391208101, 4270039101, 4370110103, 4180540101, 4271328101, 260701101, 4420031102, 4420031102, 4370110102, 4271694102, 4363671101]"
550,"[337893, 7390087]",[2030001102]
551,"[337975, 7395492]","[2030046104, 2030046102, 2030061101]"
552,"[337994, 7389783]","[4380016104, 2771091101, 2520802101, 2771091101, 4320542103, 2520802101, 4360875101, 4360150103, 4373007102, 4321873102, 4373121104, 4321873103, 4380755101, 4380310101, 4370143103, 4380034104, 2610002105, 2550016101, 4320335102, 2550773103, 4380035104, 4363699104, 2560051101, 4373007101, 4380035104, 4370084102, 4350958102, 4040506102, 4373121104, 4320025104, 4320335101, 4420017102, 4300509101, 4311028102, 4421407104, 4180014101, 4421407104, 4300306103, 4221517102, 4310981101, 4320335101, 4430038104, 500341103, 3351809102, 2300019101, 531846103, 4430338104, 4222474103, 4300007101, 3030662101, 831102101, 4180568104, 4191310101, 2470050102, 2410018101, 1450025103, 1981515105, 2370832101, 4400035101, 4310010101, 4310981101, 230977103, 810525102, 4211860102, 4270577101, 2461112103, 2000039102, 4210024101, 550656101]"
553,"[338026, 7420572]","[3610332103, 3610332103, 3580025102, 3580025104, 3600009101, 3600009103, 3610004104, 3430536102]"
554,"[338037, 7392808]",[470486101]
555,"[338125, 7403956]",[3711066103]
556,"[338202, 7397902]",[2260804101]
557,"[338365, 7378990]","[4500038101, 4500009103, 4580841101, 3271239101, 4230704102]"
558,"[338453, 7390875]","[4290016101, 2140529103, 1011348101, 2330042102, 2110003101, 2831196102, 601074101, 2520019101, 471957105, 3070342102, 2580023103, 460301101, 2580021101, 2570628102, 2570628101, 2570628101, 2570626103, 2570043101, 2570043101, 2570037102, 2560042104, 440617104, 2540026103, 440708102, 2580030102, 460679103, 2431877101, 470986101, 2590033101, 2620925102, 2620049103, 2620049103, 2590048101, 2590048102, 2600017101, 2600017103, 470486102, 2610497101, 470994101]"
559,"[338467, 7391138]",[2581342101]
560,"[338589, 7390851]","[471332103, 4311961102, 2000050103, 2580030101, 4290029101]"
561,"[338618, 7390921]",[591059102]
562,"[338725, 7390731]",[2470049102]
563,"[338748, 7390884]",[2650001106]
564,"[338860, 7395641]",[1800329102]
565,"[338936, 7395657]","[4061591104, 3050491103, 2300323101, 2060327102, 2330027101, 1900996104, 3990543104, 3931570101, 2290050102, 2040439102, 2290042101, 2731602101, 2321760103, 2041758102, 3910326101, 1060003101, 4000034101, 1870427102, 2200585102, 1770331101, 2070003101, 2731602102, 2301291101]"
566,"[338970, 7395723]",[481932103]
567,"[338985, 7391601]",[2350006103]
568,"[339074, 7395674]","[2250586102, 3770370101]"
569,"[339143, 7395820]","[3940302101, 3751713102, 3990052101, 3780317102, 4070938104, 3211216101, 1810462101, 1810578103, 3891429101, 2260619102, 3910022101, 4090396102, 4090396102, 2320037102, 3960329103, 3960329101, 1960009204, 3960022104, 1872034101, 3911499102, 2530033104, 413798101, 2290042102, 1900394101, 2292386101, 2300027103, 3940022101, 2270027102, 2050387101, 2270027101, 2050037101, 2030358103, 2050322101, 2030358102, 2001990101, 2030044103, 2001971101, 3990109101, 2010303101, 2050316102, 1451052102]"
570,"[339151, 7395787]","[1611009102, 1661434101, 1870006101, 2321765103, 1860040102, 3940308102, 2300058102, 2300042102, 1670042102, 1730007101, 2300007101, 2010042103, 2290098101, 1870007101, 1850016102, 1850016101, 2290045101, 461482101, 2290042102, 2041758101, 2280736102, 1951516102, 1951547102, 2050037101, 2270036103, 3960329101, 221746103, 1870007104, 2050340101, 2270036103, 2731689102, 2010044104, 3111320101, 2010645109, 1330736101, 3200506102, 2010044104, 3250305102, 3320816104, 3410498102, 2010645102, 3770093101, 1872034101, 3770146102, 3250305102, 3910392101, 2020436102, 2010042104, 1551520101, 1890301101, 3930687105, 450655101, 1870029101, 3993693104, 3930395104, 2530033104, 3930343101, 3930343101, 1870029102, 3930089102, 2580007101, 1870038103, 1411037103, 1870007105, 2021222102, 1160085102, 1980469103, 2060842102, 3980547101, 2070315102, 2050399102, 1990305101, 2050399103, 1990305101, 2070003102, 2050316102, 1770355101, 2050606102, 2180025103, 2070003103, 2101176101, 1710715102, 2050606102, 3990085101, 1980625101, 1970040102, 2070036101, 1980543101, 2050322101, 1741400103, 2070315105, 2101270102, 3990085102, 1740497102, 4010701101, 2230023101, 2000029102, 2181289101, 3970334104, 3970061101, 2050367102, 1990315102, 1991294101, 2220023105, 200915101, 200915101, 2050316101, 3970061101, 2260680103, 2260718102, 3770365101, 3990120101, 2050042101, 2200042103, 3990085103, 2050362102, 4010701101]"
571,"[339164, 7387509]",[4360094101]
572,"[339179, 7387319]",[4373471101]
573,"[339197, 7395744]",[1660027101]
574,"[339437, 7391046]",[2570036102]
575,"[339504, 7396134]",[2330054103]
576,"[339717, 7388320]",[4190018101]
577,"[339759, 7404897]",[3711066103]
578,"[339766, 7382819]",[2630373103]
579,"[339829, 7388074]","[4390308102, 4190017102, 4200039101, 51429101, 4480930103, 1330020102, 4180014101, 4181228101, 4191336101, 4200932103, 4191769103]"
580,"[339847, 7387981]",[4330015101]
581,"[339890, 7387974]","[3930687102, 4180540101, 1330020102, 4250615101, 2551286101, 4370534102, 2550016101]"
582,"[339898, 7387579]",[4190018101]
583,"[339900, 7398323]",[1610046101]
584,"[340003, 7380994]",[4500038104]
585,"[340171, 7393580]",[2200026101]
586,"[340211, 7396033]",[1661856102]
587,"[340225, 7399043]",[1740311103]
588,"[340263, 7395970]","[1550660101, 1900420104, 2170048102, 2200014101, 2210026101, 2000884101]"
589,"[340313, 7396076]","[3060015101, 1980544102, 1021066103, 3163837102, 970110103, 3730350103, 2340013101, 2640882101, 2260804104, 2251831102, 2221725103, 2290053101, 2290374101, 1940327103, 2300477102, 2131727102, 2301294104, 2320020101, 2131720103, 2320302101, 1880627104, 2130027101, 2330015101, 2110799101, 2340012102, 2091500101, 2340052104, 2090039101, 2340323101, 2090036103, 2350024102, 2080810103, 2080034102, 2080020101, 2130015103, 2300026104, 361789102, 1830041102, 1830453101, 1700006101, 211283103, 1711607103, 1692077103]"
590,"[340359, 7382435]",[4482198103]
591,"[340548, 7405083]",[3710023103]
592,"[340600, 7391082]","[2570628102, 2560051101]"
593,"[340691, 7396132]",[2670946101]
594,"[340701, 7391306]",[2570019103]
595,"[340789, 7391114]",[2610497101]
596,"[341149, 7396162]",[2650020101]
597,"[341650, 7378257]",[3050092101]
598,"[341707, 7378354]","[4530015101, 4500038104, 4500038101, 4500009103, 4530303102, 2670891101]"
599,"[341746, 7377439]",[4540089102]
600,"[341765, 7377491]",[4520473102]
601,"[341811, 7397377]",[1740009101]
602,"[341901, 7401415]",[3801229101]
603,"[341902, 7378726]",[4503840106]
604,"[341911, 7375954]","[4301839102, 4370130102]"
605,"[342085, 7398182]","[2251882102, 1800771102, 1980308102, 1710550101, 1920726104]"
606,"[342401, 7396584]","[4210943102, 3660794102, 3660794101, 1771012101, 2290374101, 1701563101]"
607,"[342495, 7386340]","[4271633102, 4350965101, 4330051101]"
608,"[342530, 7396577]","[2650566102, 2651836101, 2300356101, 1700668101, 2580007101, 1870038105, 2140038103, 1770441102, 1760949101, 1760520102, 2690824101, 2100019102, 2640017101, 2670607103, 2320042101, 1710715102, 1960732102, 2330037102, 1700006101, 2330037101, 2292388105, 1950013103, 2200005102, 1560015101, 3721091101, 1700025101, 2330047101, 2020052101, 1771629101, 2330037101]"
609,"[342590, 7386448]","[4311961102, 4270636102, 4271387103, 3770473104]"
610,"[343043, 7404811]",[1990444101]
611,"[343074, 7384803]",[4421407101]
612,"[343229, 7384920]",[5000008102]
613,"[343275, 7384959]","[4270039101, 740823101, 870057102]"
614,"[343578, 7389381]",[2580021201]
615,"[343645, 7381625]",[2471158104]
616,"[343788, 7396776]","[2250008102, 2260595102, 2220013103, 1711607103, 1840457101, 2261139103, 1720016101, 2000056102, 1800775101, 2140529103, 2151392103, 2150615101, 1711387102, 2141161101, 3200370101]"
617,"[343859, 7383691]","[4500109101, 4500109101]"
618,"[343885, 7396844]","[2200018203, 1811007102, 1730762104, 1800045104]"
619,"[344063, 7383384]","[4550505101, 2600310103, 2380715101, 4321873103, 4321873102, 4440323102, 4301839102, 2350018102, 4580841101, 4370130102, 4240701103]"
620,"[344123, 7383421]","[4280342101, 4311020101, 4280306101]"
621,"[344137, 7382523]",[2850451102]
622,"[344168, 7383439]","[4240022101, 4220764102, 4380016102, 4420020102, 4221655101, 550656101, 4221752101, 4491096102, 2340559101, 4380018102, 4420020103, 4220003101, 4220777101, 2370832101, 260701101, 4220011104, 4221466102, 4221752102, 4220032101, 2340039103, 2340559101, 4390049104, 4372927103, 330330101, 4240938101, 4330316103, 4330051101, 4320542103, 4320335102, 4320034101, 4360115102, 4320025104, 4311028101, 230037104, 4301215102, 4280049103, 4300014102, 4300014101, 4281165103, 4320022103, 4030308102, 4241837101, 4030359101, 4240035102, 531846103]"
623,"[344168, 7386122]",[230977103]
624,"[344275, 7383526]","[4290019103, 4290039101, 1740483103, 2300004101, 4370355101, 4410027102, 2041758103, 4320898101, 4330027101, 4340005102, 4410012102, 4340342101, 2661046101, 4360074103, 4380311101, 2310014102]"
625,"[344281, 7403073]",[420028101]
626,"[344370, 7382356]",[4340548101]
627,"[344457, 7393967]",[2330033101]
628,"[344696, 7403675]",[3730889104]
629,"[344718, 7400496]","[1770994102, 1750041103, 1870030102, 1750041104]"
630,"[344892, 7403740]",[3711055102]
631,"[344971, 7394436]",[2630009102]
632,"[344977, 7390981]",[2220018103]
633,"[345097, 7397133]",[3120028104]
634,"[345159, 7397058]","[1740028101, 2690824103, 1801143101, 1831626101, 1740497102, 1720027103, 1811176101, 1741426102, 2211789101, 1800788102, 2870336103, 1750303101, 1720031103, 2150625102, 2150004103, 2150004103, 1350316101, 1740009102, 2580030102, 1720006102]"
635,"[345447, 7393820]",[4271361101]
636,"[345590, 7398192]","[1740311103, 1740394101]"
637,"[345717, 7398297]",[1811176101]
638,"[345748, 7381014]",[4330021102]
639,"[345872, 7377969]",[4330021102]
640,"[346367, 7397097]",[2141161101]
641,"[346509, 7378252]",[4330027101]
642,"[346510, 7393037]","[2320302102, 2200001101]"
643,"[346661, 7387670]","[2310014103, 2310014102]"
644,"[346694, 7389967]",[2250058101]
645,"[346719, 7396914]","[410429102, 1820397101, 2270049101, 1830301102, 410429101, 1730042101, 1730007101, 1740483103, 1741434101, 3000482102, 1730043101]"
646,"[346779, 7396932]",[2171437102]
647,"[346790, 7396999]","[1740013101, 1830017101, 2170028101]"
648,"[346806, 7387655]",[2641732102]
649,"[346881, 7387695]","[2620876101, 2630041102, 2620019101, 2320320102, 2220018103]"
650,"[347328, 7407802]",[3800030101]
651,"[347774, 7394405]",[2000042102]
652,"[347983, 7399540]",[2050041102]
653,"[347994, 7395483]",[2180463101]
654,"[348068, 7390258]",[2330009103]
655,"[348169, 7382851]","[4311019101, 4311019102]"
656,"[348450, 7395810]",[2191161103]
657,"[348515, 7395856]","[1850823101, 1861287101, 1930047104, 1940376101, 1930015102, 1930011104, 1840301102, 1920047102, 1380783102, 1941008103, 1930942104, 1930947101, 1930946102, 1950447101, 1940356101, 1840006102, 1840006101, 2270319104, 1940333102, 1940376103, 1830453101, 450603102, 1700668101, 1840010103, 1830041102, 1840019102, 1930963102, 1860308102, 1860481101, 1940327103, 450655101, 1960047101, 2170048102, 1861288101, 1870007105, 2201130102, 2180025103, 2180454102, 2200585102, 2160333101, 2180511101, 1870007104, 2200545101, 2200042103, 2180855101, 2190019103, 1920726104, 1870007101, 2180599102, 2210041102, 2171435101, 1960047106, 1360003101, 2210555102, 2220010101, 2160038101, 2520040101, 1861287102]"
658,"[348635, 7395968]","[3050031102, 1881354101, 1881345101, 1880627104, 880015101, 1861303102, 1850016102, 1860018102, 1940341101, 2210305101, 1850033101, 2210458101, 1850016101, 1940341103]"
659,"[348639, 7402008]","[2101270102, 1870020101, 3730889104, 1870528102, 1870029101, 2000068103, 3800313101, 1810462101]"
660,"[348664, 7408780]",[1240040101]
661,"[348718, 7395788]",[2031783103]
662,"[348915, 7387915]",[2630373103]
663,"[349308, 7398416]",[1950443102]
664,"[349354, 7387788]",[1740485101]
665,"[349363, 7387838]","[2330045102, 4360074103]"
666,"[349399, 7388087]",[2630009102]
667,"[349402, 7387818]","[2200001101, 4290016101, 2620019101, 4290029101, 2340027101, 2340039103, 4370520102, 2330037102, 2340012103, 2330027101, 2661046101, 2300004101, 2320320102, 4240701103, 2310014102, 2310014102, 2310014103, 2330340101, 2670891101]"
668,"[349403, 7387831]",[2350018102]
669,"[349427, 7388038]",[2670010103]
670,"[349432, 7388029]",[2340052104]
671,"[349508, 7406020]",[3820456101]
672,"[349584, 7394041]",[2200014101]
673,"[349862, 7395709]","[870099103, 1960009204, 4010119101, 3150022101, 3940308102, 3940046106, 4241837101, 1960011101, 1870427103, 4061453101, 2290018103, 1890588103, 2290120101, 2010409101, 4070320101, 1870427102, 4070320101, 1870344101, 2290108103, 4000048104]"
674,"[349868, 7395681]","[2230024101, 1950013103, 2311304101, 2221725103, 1890016101, 2230023101, 3970493102, 2030419102, 2220013103, 2230655103, 3940046106, 2340446102, 1890301101, 2371309101, 1900420104, 3891429101, 1900991101, 620684102, 2330049101, 1080837101, 2230686102, 630881101, 2330046102, 2320047101, 2820315101, 1891699101, 2200314101, 3930756103, 3932318101, 2321760103, 2321044103, 2320342101, 2050044102, 2371309102, 2031774102, 4060038103, 1991151102, 1400690101, 2020436102, 1960732102, 2300026104, 1960006104, 2020052101, 4041616101, 2270319104, 1951516102, 200332102, 1950533102, 2021228103, 1980533103, 181215101, 3940961101, 4040017102, 2280772102, 1980544102, 2290374101, 4120347101, 181215102, 2290115103, 2290115101, 2290053101, 2290073103, 1980533105, 2311294102, 2251785101, 3940311102, 2260595102, 1960323101, 2300044103, 3930053101, 2251831102, 671123103, 2260060103, 2260701102, 4051247103, 2030365101, 2260761102, 1940034101, 2260804104, 2261139103, 2030382103, 1960695101, 2260045102]"
675,"[350024, 7395638]","[1890009101, 2030059105, 2031783103, 2030046104, 2030046102, 2030034101, 2030015103]"
676,"[350026, 7389188]",[2320009101]
677,"[350028, 7395646]","[1880031101, 2080034102, 2050053101, 1950443101, 1870038105, 1650003101, 2300543101, 2050042101, 4000115103, 2270310102, 2020431101, 2301307101, 3940961101, 1951401102, 1950474102, 1950448101, 1840010103, 2010325102, 1950012102, 1351318102, 2251882102, 2260804101, 2310060101, 1900028106, 1900996104, 4000363102, 2040032103, 2170753103, 1890900101, 2320006101, 4000363103, 2791909101, 2310326101, 2230310103, 1900028101]"
678,"[350236, 7396441]",[1941002101]
679,"[350344, 7389595]",[2640017101]
680,"[350517, 7389426]",[2641732102]
681,"[350641, 7409863]",[3820456101]
682,"[350895, 7395292]",[2250058101]
683,"[351033, 7381714]","[4370030104, 4360875101, 4360150103, 4360115102, 4350038101, 4370084102, 4370089101, 4390308102, 4390049104, 4370110103, 4380311101, 4370355101, 4391216102, 4380755101, 4372927103, 4380016104, 4390020102]"
684,"[351075, 7381944]",[4373471101]
685,"[351103, 7381810]","[4550505101, 4391216101, 4390325101, 4391208101, 4391216102, 4340546103, 4380034104, 4380018102, 4380016102, 4020013103, 4373033101, 4373007102, 4370534102, 4370349102]"
686,"[351393, 7396143]",[1941002101]
687,"[351424, 7396123]",[1940333101]
688,"[351633, 7396496]",[2260718102]
689,"[352168, 7389915]",[2320015102]
690,"[352210, 7395767]","[1921372101, 2270319101, 1901630103, 2270400104, 2320037101, 2270030101, 2320043102, 2260680103, 281714101, 1900394101]"
691,"[352500, 7384460]",[4370520102]
692,"[352554, 7386131]","[2340012103, 2340012102]"
693,"[352587, 7401453]","[1870017101, 3450306101, 3770093101, 1960022102, 1870030102, 1991294101]"
694,"[352619, 7401092]",[1870006101]
695,"[352669, 7389905]",[2300027104]
696,"[352699, 7401241]",[3770365101]
697,"[352797, 7401388]",[1960010102]
698,"[353477, 7401336]","[2010668102, 2050079101]"
699,"[353533, 7389711]",[2320302102]
700,"[353849, 7395961]","[2260680103, 2270030102]"
701,"[353861, 7396076]","[2300034101, 2030419102, 2300007101, 2030358103, 2030358102, 2030336101, 2030330101]"
702,"[353867, 7396026]",[2030044101]
703,"[354128, 7408707]",[3761307102]
704,"[354327, 7403865]",[1990444101]
705,"[354896, 7401231]",[3931570101]
706,"[354969, 7401083]",[2010042103]
707,"[354991, 7407908]",[3773127103]
708,"[355061, 7401088]","[2010645109, 2010645102]"
709,"[355076, 7401088]",[2010042104]
710,"[355408, 7395701]","[2270316102, 2280892103, 2290462101, 4031226102, 2040053102, 2040397102, 2041758103, 2041758102, 2041758101, 2041750101, 2041689102, 2040611101, 2040439102, 2301307101, 4190017102, 2040313102, 4031226101, 2040042101, 2040036101, 2010010104, 2320037102, 2250586102, 2310020101, 2040365103]"
711,"[355506, 7395748]","[211196101, 1960024101, 2300027103, 2020009101, 2290095101, 2290075101, 2290042101, 2280772102, 2280752102, 2280736102, 2280350102, 2280032101, 2280018101, 2280011101, 2271190102, 2271190101, 2270352101, 2270316103, 2270044103, 2270043102, 2270027101, 2290095102, 4010033101, 2290098104, 2290361104, 3930687102, 2020004102, 4051247103, 3930332101, 3990063102, 3911499102, 3910326101, 2301304101, 2300320103, 2300058102, 2300044103, 2300042102, 4141315201, 2292543102, 2291186103, 2290819108, 2290819107, 2290346103, 2270017101, 2300018104, 3940049101, 2020036101, 2250614101, 2020899101, 2021222101, 2021222102, 2040011201, 2040303101]"
712,"[355645, 7377012]","[4430038104, 4430338104, 4340302103, 4340302102, 4340302101, 4020053101, 4030359101]"
713,"[355661, 7380927]",[4391216101]
714,"[355676, 7376903]","[4030308102, 4031285104, 4421407101, 4420017103, 4420017102, 4420016103, 4410027102, 4410027101, 4410027101, 4410014103, 4400496101, 4400487104, 4400016101, 4400015101, 4031285101, 4330316103, 4340548101, 4421381104, 4020013103]"
715,"[356086, 7395668]",[2250617102]
716,"[356281, 7407158]",[3980551101]
717,"[356474, 7391187]","[2301291101, 2290860101, 2300027104, 2301307101, 1980533104, 2300356101, 2300323101, 2290066104, 2300052101, 2300477102]"
718,"[356805, 7401106]","[2060327102, 2060389102, 2060672103, 2050058102, 3770370101, 2060842102, 3770117101, 2050399103, 3770473104, 2070036101, 2070376103, 3990012101, 2060690102, 2050399102, 2060672104, 3990123101, 2050345101, 2050053101, 2050336103, 2050041102, 2050006102, 2050380102, 2050079102, 2000039102, 2050316101]"
719,"[357030, 7401169]",[362561101]
720,"[357172, 7396701]","[2050334105, 2050334106]"
721,"[357382, 7400690]",[2000068101]
722,"[357474, 7400717]",[2250617102]
723,"[357572, 7404514]",[3980013101]
724,"[358169, 7373505]","[4430009102, 440708102, 4340302101, 4340546103, 4340302103, 4440323102, 4340302102, 4340005102, 4440323101, 4440011101]"
725,"[358471, 7402122]",[2070315105]
726,"[358526, 7402127]","[3960017103, 3960021101, 3960021104, 3960022104, 2070003103, 2070315102, 2070003101, 2070003102, 2050340101]"
727,"[358808, 7394436]","[3930034101, 3930089102]"
728,"[359831, 7395559]",[3910023101]
729,"[360289, 7402771]","[3970319103, 3970011102, 3960028102, 3993693104]"
730,"[360358, 7395960]","[3930619101, 3930756103, 3932269101, 3910427103, 3930041104, 3932223101, 1960024101, 3930339102, 2040036101, 3930687105, 3932269104, 3932175105]"
731,"[360396, 7402751]",[3993741102]
732,"[362191, 7400534]",[3960058101]
733,"[362319, 7402077]","[3990358102, 3970493102, 3970334104, 3990064102, 3990109101, 3960329103, 3980076101, 1960022102]"
734,"[362879, 7397689]","[3940046103, 3940044101, 3940961101, 3940959101, 3950007101, 3940308101, 3940003101, 3950054101, 3940005102, 3940306104, 3940016101, 3940022101, 3940016101, 3940961101]"
735,"[362914, 7404162]",[3990012101]
736,"[363660, 7397772]",[4003602102]
737,"[363950, 7397690]",[3910305105]
738,"[364666, 7412150]",[3870726101]
739,"[365126, 7407426]",[3980031101]
740,"[365345, 7411373]",[3870014101]
741,"[366552, 7396746]","[4000048104, 3990120101, 4000354104, 4010053101, 3990063102, 3990115101, 3940306104, 4010318101, 3990104104, 4010702102, 3990085103, 3990085101, 3990120102, 4030345103, 3990085102, 780019102, 4003602102, 4090994101, 3990319103, 3990543104, 4090316101, 3990052101, 4000072101, 4090335103, 4000094102, 4000102102, 4000068101, 3990011102, 4090355101, 3990042102, 4090372101, 4090897101, 4090994102, 3990420104]"
742,"[366676, 7396809]","[4000016103, 4000073101, 4000301102, 4000055103, 4000073102, 4010029101, 4000034101, 4000053103, 4000363103, 4000115103, 4000363102, 4000032104, 4000074101, 4000050101, 4020005102, 4020053101, 4050395106, 4050395106, 4090335101, 3980566103, 4010033101]"
743,"[371570, 7395873]","[4130013102, 4080025102, 4080025101, 4080015101, 4080004102]"
744,"[375014, 7396632]","[4040027101, 4040027102]"
745,"[377639, 7398201]","[4141315201, 4110014102, 4072292103]"
746,"[377664, 7398033]","[4060030102, 4040033101, 4040017102, 4040506102]"
747,"[377972, 7398515]",[4090335101]
748,"[378670, 7398339]",[1510020101]
749,"[379049, 7398854]","[4041616101, 4120347101]"
750,"[379132, 7398940]","[4061591104, 4060022101, 4120344104, 4160755101]"
751,"[379271, 7399061]",[4061468101]
